location,total_sqft,bath,price_in_lacs,bhk,price_per_sqft
Electronic City Phase II,1056,2,39.07,2,3699.810606
Chikka Tirupathi,2600,5,120,4,4615.384615
Uttarahalli,1440,2,62,3,4305.555556
Lingadheeranahalli,1521,3,95,3,6245.890861
Kothanur,1200,2,51,2,4250
Whitefield,1170,2,38,2,3247.863248
Old Airport Road,2732,4,204,4,7467.057101
Rajaji Nagar,3300,4,600,4,18181.81818
Marathahalli,1310,3,63.25,3,4828.244275
other,1020,6,370,6,36274.5098
Whitefield,1800,2,70,3,3888.888889
Whitefield,2785,5,295,4,10592.45961
7th Phase JP Nagar,1000,2,38,2,3800
Gottigere,1100,2,40,2,3636.363636
Sarjapur,2250,3,148,3,6577.777778
Mysore Road,1175,2,73.5,2,6255.319149
Bisuvanahalli,1180,3,48,3,4067.79661
Raja Rajeshwari Nagar,1540,3,60,3,3896.103896
other,2770,4,290,3,10469.31408
other,1100,2,48,2,4363.636364
Kengeri,600,1,15,1,2500
Binny Pete,1755,3,122,3,6951.566952
Thanisandra,2800,5,380,4,13571.42857
Bellandur,1767,3,103,3,5829.088851
other,510,1,25.25,1,4950.980392
other,1250,3,56,3,4480
Electronic City,660,1,23.1,2,3500
Whitefield,1610,3,81,3,5031.055901
Ramagondanahalli,1151,2,48.77,2,4237.185056
Electronic City,1025,2,47,3,4585.365854
Yelahanka,,4,186,4,
Bisuvanahalli,1075,2,35,3,3255.813953
Hebbal,1760,2,123,3,6988.636364
Raja Rajeshwari Nagar,1693,3,57.39,3,3389.84052
Kasturi Nagar,1925,3,125,3,6493.506494
Kanakpura Road,700,2,36,2,5142.857143
Electronics City Phase 1,1070,2,45.5,2,4252.336449
Kundalahalli,1724,3,125,3,7250.580046
Chikkalasandra,1290,2,56.12,3,4350.387597
Uttarahalli,1143,2,45,2,3937.007874
Murugeshpalya,1296,2,81,2,6250
Sarjapur  Road,1254,3,38,3,3030.30303
other,600,1,38,1,6333.333333
Yelahanka,660,1,48,1,7272.727273
Kanakpura Road,1330.74,2,91.79,2,6897.66596
HSR Layout,600,9,200,8,33333.33333
Doddathoguru,970,2,33,2,3402.061856
Whitefield,1459,2,94.82,2,6498.971899
KR Puram,800,1,130,2,16250
other,869,2,36,2,4142.69275
other,1270,2,50,2,3937.007874
Bhoganhalli,1670,3,99,3,5928.143713
Whitefield,2010,3,91,3,4527.363184
Lakshminarayana Pura,1185,2,75,2,6329.113924
Yelahanka,1600,2,75,3,4687.5
Begur Road,1200,2,44,2,3666.666667
other,1500,2,185,2,12333.33333
Murugeshpalya,1407,4,150,6,10660.98081
other,840,2,45,2,5357.142857
other,4395,3,240,3,5460.750853
other,845,2,55,2,6508.87574
Whitefield,5700,5,650,4,11403.50877
Varthur,1160,2,44,2,3793.103448
Bommanahalli,3000,8,140,8,4666.666667
Doddathoguru,1100,2,62,2,5636.363636
Gunjur,1140,2,43,2,3771.929825
Marathahalli,1220,2,57,2,4672.131148
other,1350,7,85,8,6296.296296
Kanakpura Road,1005,2,36.68,2,3649.751244
other,500,3,100,3,20000
Begur Road,1358,2,80.58,2,5933.726068
Hegde Nagar,1569,3,101,3,6437.22116
Haralur Road,1240,2,70,2,5645.16129
Hennur Road,2089,3,140,3,6701.771182
Kothannur,1206,2,48.23,2,3999.170813
Kalena Agrahara,1150,2,40,2,3478.26087
other,2511,3,205,3,8164.078057
Kaval Byrasandra,460,1,22,2,4782.608696
ISRO Layout,4400,6,250,6,5681.818182
other,1660,2,105,3,6325.301205
Yelahanka,1326,2,78,2,5882.352941
Garudachar Palya,1325,2,60.8,3,4588.679245
EPIP Zone,1499,5,102,3,6804.536358
Hegde Nagar,3000,7,210,6,7000
Kanakpura Road,1665,3,88,3,5285.285285
Dasanapura,708,2,37,2,5225.988701
Kasavanhalli,1060,2,58.06,2,5477.358491
Rajaji Nagar,710,6,160,6,22535.21127
Sanjay nagar,1000,2,70,2,7000
Electronic City,1000,2,28.88,2,2888
other,1450,2,70,3,4827.586207
ISRO Layout,1200,4,155,4,12916.66667
Thanisandra,1296,2,80,2,6172.839506
Domlur,1540,3,90,3,5844.155844
Kengeri,2894,4,245,4,8465.791292
Sarjapura - Attibele Road,1330,2,48,3,3609.022556
other,1200,2,65,2,5416.666667
other,1200,3,90,3,7500
Yeshwanthpur,2502,3,138,3,5515.58753
Chandapura,650,1,17,2,2615.384615
Kothanur,2400,2,150,3,6250
other,1007,2,43,2,4270.109235
other,1200,2,50,2,4166.666667
other,966,2,49.9,2,5165.63147
Nagarbhavi,1630,2,98,3,6012.269939
Rajaji Nagar,1640,3,229,3,13963.41463
other,782,2,55.68,2,7120.204604
Devanahalli,1260,2,66.78,2,5300
other,1800,3,120,3,6666.666667
other,1413,2,75,3,5307.855626
Whitefield,1116,2,51.91,2,4651.433692
Electronic City,1530,2,45.9,3,3000
Ramamurthy Nagar,3700,4,225,4,6081.081081
Sarjapur  Road,2497,3,140,3,5606.728074
Kengeri,1540,2,64,3,4155.844156
Thanisandra,1436,3,74.75,3,5205.431755
Malleshwaram,1100,2,75,2,6818.181818
Hennur Road,276,3,23,2,8333.333333
Thanisandra,1427,3,120,3,8409.250175
Akshaya Nagar,2061,3,200,3,9704.027171
Hebbal,,4,477,4,
Shampura,2650,4,150,4,5660.377358
Devanahalli,1282,2,68.52,3,5344.773791
Kadugodi,1050,2,34,2,3238.095238
LB Shastri Nagar,1600,3,65,3,4062.5
other,945,2,54,2,5714.285714
Hormavu,1500,2,78,2,5200
Vishwapriya Layout,950,7,115,7,12105.26316
other,1870,3,110,3,5882.352941
Sarjapur,1600,3,75,3,4687.5
Electronic City,880,1,16.5,2,1875
other,1200,4,210,4,17500
Kudlu Gate,1535,3,83,3,5407.166124
Kanakpura Road,950,2,57,2,6000
Devanahalli,1360,2,65,2,4779.411765
8th Phase JP Nagar,,2,54.005,2,
Bommasandra Industrial Area,1280,3,50.4,3,3937.5
other,1260,2,85.05,3,6750
Hennur Road,5000,8,250,8,5000
Yelahanka,3050,5,213,5,6983.606557
Kasavanhalli,1563.05,3,105,3,6717.635392
ISRO Layout,1000,2,60,2,6000
Anandapura,1167,2,43.76,2,3749.785775
Vishveshwarya Layout,4000,7,225,7,5625
Kothanur,1828,3,110,3,6017.50547
Kengeri Satellite Town,890,2,35,2,3932.58427
other,1612,3,46.74,3,2899.503722
other,1034,5,185,6,17891.68279
Mysore Road,1710,4,91.31,3,5339.766082
Kannamangala,957,2,58,2,6060.606061
 Devarachikkanahalli,1250,2,44,3,3520
other,2795,4,235,3,8407.871199
Hulimavu,1125,2,50,2,4444.444444
Electronic City Phase II,1020,2,30.6,2,3000
Kalena Agrahara,1200,2,50,2,4166.666667
Thanisandra,1735,3,135,3,7780.979827
Thanisandra,2050,3,145,3,7073.170732
Mahalakshmi Layout,3750,4,760,4,20266.66667
other,1350,2,48,3,3555.555556
Hosa Road,1063,2,32,2,3010.348071
other,1904,3,150,3,7878.151261
Whitefield,4200,4,420,4,10000
other,2000,3,175,3,8750
Sarjapur,,2,43.49,2,
other,1425,2,75,3,5263.157895
Electronic City,1500,2,64.5,3,4300
Electronic City,1060,2,60,2,5660.377358
other,1470,2,70,3,4761.904762
other,1300,6,99,6,7615.384615
Attibele,450,1,11,1,2444.444444
Electronic City,1152,2,64.5,2,5598.958333
Electronic City,1350,2,56,3,4148.148148
CV Raman Nagar,1550,3,65,3,4193.548387
other,1500,3,100,3,6666.666667
Kumaraswami Layout,600,3,85,5,14166.66667
Nagavara,400,1,14,1,3500
Malleshwaram,705,1,67,1,9503.546099
Electronic City,770,1,36,2,4675.324675
Hulimavu,1242,2,51,2,4106.280193
Hebbal Kempapura,1700,3,155,3,9117.647059
Thanisandra,2144,3,145,3,6763.059701
Vijayanagar,1704,3,110,3,6455.399061
Electronic City,1070,2,52,2,4859.813084
other,1846,3,300,3,16251.35428
other,1340,2,55.7,2,4156.716418
Electronic City,1025,2,46,2,4487.804878
KR Puram,,2,56.8,2,
Marathahalli,1200,2,52,2,4333.333333
Kanakpura Road,2250,4,110,4,4888.888889
Pattandur Agrahara,1550,2,80,3,5161.290323
Bellandur,1200,5,325,4,27083.33333
other,1800,7,250,7,13888.88889
Marathahalli,1200,2,60,2,5000
Yelahanka,1327,2,98,2,7385.079126
Kothanur,1186,2,58,2,4890.387858
other,1783,3,115,3,6449.803702
HSR Layout,1400,3,56,3,4000
Nagasandra,980,2,48,2,4897.959184
EPIP Zone,1285,2,82,2,6381.322957
other,912,2,70,3,7675.438596
Whitefield,1225,2,47.6,2,3885.714286
Whitefield,1075,2,53,2,4930.232558
Kadugodi,1260,2,54,3,4285.714286
Yelahanka,1282,2,48.7,3,3798.75195
Kogilu,1909,3,88,3,4609.743321
Panathur,1359,2,87,2,6401.766004
other,1207,2,43.5,2,3603.976802
Padmanabhanagar,1736,6,190,4,10944.70046
1st Block Jayanagar,2850,4,428,4,15017.54386
Kammasandra,1595,3,65,3,4075.23511
other,1798,3,89,3,4949.944383
Electronics City Phase 1,1475,3,78.29,3,5307.79661
other,1580,3,100,3,6329.113924
Dasarahalli,1295,2,65,2,5019.305019
Magadi Road,3600,6,141,6,3916.666667
Electronic City,589,1,27,1,4584.040747
other,1415,3,78,3,5512.367491
Sarjapur  Road,1787,3,98.29,3,5500.279799
Sarjapur  Road,1787,3,125,3,6994.963626
Koramangala,1475,2,90,3,6101.694915
other,2000,4,75.5,4,3775
Sarjapur  Road,984,2,44.28,2,4500
other,2405,4,260,3,10810.81081
7th Phase JP Nagar,1080,2,72,2,6666.666667
other,1500,2,115,2,7666.666667
Hebbal,1900,3,119,3,6263.157895
Dommasandra,805,2,22.14,2,2750.310559
Budigere,1153,2,56.4,2,4891.587164
other,1148,2,60,2,5226.480836
other,1110,2,55,2,4954.954955
Electronic City,1100,2,42,2,3818.181818
Kalyan nagar,1290,2,110,2,8527.131783
other,1500,2,65,3,4333.333333
other,1080,2,39,2,3611.111111
Vijayanagar,1933,3,129,3,6673.564408
Ramamurthy Nagar,3500,5,150,5,4285.714286
other,1060,2,60,2,5660.377358
Chandapura,645,1,16.45,1,2550.387597
other,2600,8,180,8,6923.076923
Chandapura,645,1,16.45,1,2550.387597
other,1644,3,84,3,5109.489051
other,1285,2,72.5,2,5642.023346
Electronic City,1200,3,90,3,7500
Electronic City,910,2,40,2,4395.604396
Kothanur,1577,3,70,3,4438.807863
other,4050,3,280,3,6913.580247
OMBR Layout,2420,3,185,3,7644.628099
Chandapura,800,1,20,2,2500
other,1060,2,55,2,5188.679245
7th Phase JP Nagar,1270,2,93,2,7322.834646
other,900,2,22.5,2,2500
other,1280,2,69,2,5390.625
Horamavu Agara,1200,2,95,4,7916.666667
Sarjapur  Road,1025,2,36,2,3512.195122
Electronic City,1108,2,63,2,5685.920578
other,1200,5,170,5,14166.66667
other,3045,3,170,3,5582.922824
Ambedkar Nagar,2900,3,300,4,10344.82759
Vijayanagar,1500,3,75.5,3,5033.333333
Raja Rajeshwari Nagar,1295,2,43.9,2,3389.96139
Budigere,1162,2,59.9,2,5154.905336
Sarjapur  Road,1035,2,49.2,2,4753.623188
Attibele,1600,4,52.8,4,3300
other,1464,3,46,3,3142.076503
Hennur Road,1866,2,61.58,3,3300.107181
other,700,1,26,2,3714.285714
Kalena Agrahara,1804,3,120,3,6651.884701
Sarjapur,913,2,32,2,3504.928806
Talaghattapura,1868,3,131,3,7012.847966
Kengeri Satellite Town,883,2,45,2,5096.262741
other,900,2,110,2,12222.22222
Kogilu,1664,2,73.95,3,4444.110577
Hegde Nagar,2026,3,132,3,6515.301086
Balagere,1210,2,80.9,2,6685.950413
other,4111,4,250,4,6081.245439
Kadugodi,1762,3,91.45,3,5190.124858
Jigani,1252,3,55,3,4392.971246
Gollarapalya Hosahalli,861,2,34.5,2,4006.968641
7th Phase JP Nagar,1420,2,100,3,7042.253521
other,1450,6,250,6,17241.37931
Electronics City Phase 1,1490,3,78.8,3,5288.590604
Bisuvanahalli,1075,2,46,3,4279.069767
Old Madras Road,1425,2,94,3,6596.491228
Kalena Agrahara,1200,2,40,2,3333.333333
Kaggadasapura,1280,2,56,3,4375
other,1084,2,50,2,4612.546125
Chandapura,1015,2,25.88,2,2549.753695
Kanakpura Road,1017,2,51.25,2,5039.331367
Haralur Road,1027,2,44,2,4284.323272
Electronic City Phase II,1069,2,45,2,4209.541628
Hebbal,1349,2,98.2,2,7279.466271
9th Phase JP Nagar,1005,2,50,2,4975.124378
Jakkur,1417,2,75,2,5292.872265
TC Palaya,1475,3,98,3,6644.067797
other,950,2,47,2,4947.368421
other,2000,4,120,4,6000
Giri Nagar,880,3,140,3,15909.09091
Sarjapur  Road,1863,3,104,4,5582.393988
Singasandra,1010,2,29.5,2,2920.792079
Kalena Agrahara,1425,2,70,3,4912.280702
Vijayanagar,1450,3,100,3,6896.551724
Kothanur,1847,3,105,3,5684.894423
AECS Layout,1100,2,45,2,4090.909091
Kanakpura Road,525,1,26,1,4952.380952
Mallasandra,1665,3,95,3,5705.705706
Begur,1664,4,65,4,3906.25
JP Nagar,1850,3,150,3,8108.108108
Panathur,1438,2,100,2,6954.102921
other,1560,3,115,3,7371.794872
Yelahanka,1350,2,55.55,2,4114.814815
Kanakpura Road,1550,3,67,3,4322.580645
Malleshpalya,1140,2,46.5,2,4078.947368
other,1200,5,180,5,15000
other,850,2,27,2,3176.470588
Whitefield,1280,2,75,2,5859.375
Munnekollal,1170,2,52,2,4444.444444
other,1113,2,51,2,4582.210243
Hennur Road,1385,2,83.09,2,5999.277978
Electronic City,1128,2,65,2,5762.411348
Marathahalli,1200,2,128,2,10666.66667
other,1200,4,165,4,13750
Rajaji Nagar,2390,3,415,3,17364.01674
Giri Nagar,2400,4,400,4,16666.66667
Haralur Road,1464,3,56,3,3825.136612
other,1200,2,55,2,4583.333333
Kaval Byrasandra,1200,2,52,2,4333.333333
Kaggalipura,1150,2,55,3,4782.608696
other,1645,3,95,3,5775.075988
Sarjapur  Road,1000,2,67,2,6700
Haralur Road,2650,4,198,4,7471.698113
6th Phase JP Nagar,1192,2,74,2,6208.053691
Ulsoor,2135,3,215,3,10070.25761
Whitefield,1173,2,58,2,4944.58653
Uttarahalli,1020,2,45,2,4411.764706
Thigalarapalya,3122,6,230,4,7367.072389
Somasundara Palya,1600,3,64,3,4000
other,1200,2,79,2,6583.333333
other,1230,2,48,2,3902.439024
 Devarachikkanahalli,1250,2,40,2,3200
Kalena Agrahara,1325,2,76,2,5735.849057
7th Phase JP Nagar,1850,3,150,3,8108.108108
Basaveshwara Nagar,1200,2,65,2,5416.666667
other,1350,2,140,3,10370.37037
Bommasandra,1260,3,49.36,3,3917.460317
other,1800,3,150,3,8333.333333
other,11,3,74,3,672727.2727
Ardendale,1100,2,43.25,2,3931.818182
Harlur,1508,2,77,2,5106.100796
other,1592,3,75,3,4711.055276
Akshaya Nagar,1388,2,57,2,4106.628242
Electronic City Phase II,630,1,28.35,1,4500
other,2000,3,365,3,18250
other,1762,3,125,3,7094.211124
other,950,2,50,2,5263.157895
Kodihalli,3252,5,335,4,10301.35301
Magadi Road,1116,2,50,2,4480.286738
Narayanapura,1308,2,89.04,2,6807.33945
other,1200,3,90,3,7500
other,1500,4,230,4,15333.33333
Bannerghatta Road,500,1,18.5,1,3700
Hennur,1075,2,52,2,4837.209302
Chandapura,530,1,11.66,1,2200
Bellandur,1205,2,66,2,5477.178423
5th Phase JP Nagar,1075,2,60,2,5581.395349
KR Puram,930,2,39,2,4193.548387
Balagere,1380,2,60,2,4347.826087
Hebbal,2483,5,212,4,8538.0588
Kodigehaali,1166,2,55,2,4716.981132
Bannerghatta Road,1050,2,65,2,6190.47619
other,2023.71,3,275,3,13588.90355
Begur Road,1200,2,46.8,2,3900
Lakshminarayana Pura,1600,2,108,3,6750
Billekahalli,1935,3,110,3,5684.754522
8th Phase JP Nagar,451,1,29.9,1,6629.711752
Electronic City,1800,3,95,3,5277.777778
Jalahalli,1400,3,77,3,5500
Hegde Nagar,1801,3,115,3,6385.341477
Mahadevpura,1451,2,90,2,6202.618884
Anekal,1200,1,36,2,3000
Begur Road,1160,2,44,2,3793.103448
Kengeri,1000,2,25,2,2500
Kanakpura Road,950,2,40,2,4210.526316
other,1629,3,79,3,4849.600982
Vijayanagar,1580,2,134,3,8481.012658
Vijayanagar,1826,3,121,3,6626.506024
7th Phase JP Nagar,1245,2,94,2,7550.200803
Raja Rajeshwari Nagar,1145,2,45.79,2,3999.126638
Sompura,825,2,33,2,4000
Yeshwanthpur,1693,3,108,3,6379.208506
Electronics City Phase 1,1113.27,2,53,2,4760.749863
other,1460,2,58,2,3972.60274
Doddathoguru,1050,2,32,2,3047.619048
Dodda Nekkundi,1260,2,55,2,4365.079365
other,700,3,120,6,17142.85714
Hosur Road,1656,2,120,2,7246.376812
Chandapura,1208,3,45,3,3725.165563
Whitefield,1910,3,161,3,8429.319372
Whitefield,3252,4,230,4,7072.570726
Battarahalli,1200,2,65,2,5416.666667
other,1200,4,175,4,14583.33333
7th Phase JP Nagar,1175,2,82,2,6978.723404
other,1000,2,165,2,16500
Bannerghatta Road,1200,2,125,4,10416.66667
Rajaji Nagar,2390,3,410,3,17154.81172
Rajaji Nagar,12000,6,2200,7,18333.33333
Sultan Palaya,550,1,62,2,11272.72727
Kengeri,370.7896,1,18.5,1,4989.352452
other,1185,2,38,2,3206.751055
Kengeri,750,2,38,2,5066.666667
Mahalakshmi Layout,1200,7,250,6,20833.33333
Kanakpura Road,1550,3,64.5,3,4161.290323
other,1760,3,88,3,5000
Billekahalli,1125,2,62,2,5511.111111
Nagarbhavi,1350,3,150,3,11111.11111
Anandapura,1000,2,55,2,5500
Bommasandra Industrial Area,1090,2,31.48,2,2888.073394
TC Palaya,1200,2,60,2,5000
Budigere,1991,4,103,3,5173.279759
Bommasandra,1060,2,26.5,2,2500
Ambalipura,1105,2,75,2,6787.330317
Hoodi,985,2,67,2,6802.030457
Chandapura,1533,5,85,6,5544.683627
Balagere,1590,3,79,3,4968.553459
CV Raman Nagar,1120,2,55,2,4910.714286
other,1069,2,55,2,5144.995323
Marathahalli,1933,3,140,3,7242.628039
Hosur Road,1194,2,69,2,5778.894472
Brookefield,1150,2,69,2,6000
Yelenahalli,1240,2,47.12,2,3800
Raja Rajeshwari Nagar,1419,2,48.1,2,3389.711064
7th Phase JP Nagar,1200,8,250,8,20833.33333
other,2150,4,240,3,11162.7907
other,1450,3,55,3,3793.103448
other,1630,3,68.29,3,4189.570552
Dasanapura,708,1,40,2,5649.717514
Kasavanhalli,1000,4,110,3,11000
Whitefield,11890,4,700,4,5887.300252
Bellandur,1250,2,76,2,6080
7th Phase JP Nagar,1400,2,95,3,6785.714286
Sarjapur  Road,1670,2,57,3,3413.173653
Ardendale,1750,3,100,3,5714.285714
Vittasandra,1404,2,71,2,5056.980057
Hoodi,1715,2,95,3,5539.358601
Electronic City,630,1,34.65,1,5500
Harlur,1752.12,3,135,3,7704.951716
Hulimavu,1650,3,78,3,4727.272727
Raja Rajeshwari Nagar,1295,2,55.47,2,4283.397683
Giri Nagar,1800,3,252,3,14000
Sarjapur  Road,1346,2,74.03,2,5500
other,1200,4,200,4,16666.66667
Hormavu,1150,2,55,2,4782.608696
other,3309,4,325,4,9821.698398
Chandapura,1190,2,30.35,3,2550.420168
AECS Layout,1620,3,98,3,6049.382716
Marathahalli,950,2,46.96,2,4943.157895
other,5000,9,360,11,7200
Harlur,2450,3,120,3,4897.959184
Electronic City Phase II,1220,2,35.23,3,2887.704918
other,850,2,30,2,3529.411765
Padmanabhanagar,1020,2,63,2,6176.470588
Chikkalasandra,1100,2,50,2,4545.454545
other,1150,2,126,2,10956.52174
Hebbal,1760,2,130,3,7386.363636
Ambalipura,1800,3,110,3,6111.111111
Akshaya Nagar,1070,2,54,2,5046.728972
2nd Stage Nagarbhavi,1500,4,220,4,14666.66667
Vidyaranyapura,1440,2,95,2,6597.222222
Amruthahalli,900,2,40,2,4444.444444
other,1200,4,230,4,19166.66667
Whitefield,1130,2,42.16,2,3730.973451
Koramangala,1320,2,165,2,12500
Kodigehalli,1270,2,98,2,7716.535433
other,1200,2,62,2,5166.666667
other,4800,4,235,4,4895.833333
other,1200,2,74,2,6166.666667
Subramanyapura,929,2,50.17,2,5400.430571
other,1150,4,260,4,22608.69565
Basavangudi,1125,4,180,4,16000
Kenchenahalli,500,3,65,5,13000
other,1200,5,190,5,15833.33333
other,1464,3,56,3,3825.136612
7th Phase JP Nagar,3600,4,400,4,11111.11111
other,2000,4,99,4,4950
Chikkalasandra,1208,2,49,2,4056.291391
Hebbal Kempapura,1130,2,60,2,5309.734513
other,1753,3,120,3,6845.407872
Old Madras Road,4500,7,337,5,7488.888889
Banjara Layout,600,3,58,3,9666.666667
Hoodi,1196,2,94.42,2,7894.648829
5th Phase JP Nagar,1150,3,52.5,2,4565.217391
Electronic City,1128,2,63,2,5585.106383
other,1000,2,53,2,5300
Yelahanka,1035,2,45,2,4347.826087
Kereguddadahalli,950,2,32,2,3368.421053
Bisuvanahalli,1075,2,36,3,3348.837209
Whitefield,1040,2,48.5,2,4663.461538
other,720,2,45,2,6250
Lingadheeranahalli,1511,3,95,3,6287.227002
other,1300,3,58,3,4461.538462
Hoodi,1545,3,68.75,3,4449.838188
Shampura,375,2,26,1,6933.333333
Vidyaranyapura,1062,2,38,2,3578.154426
other,1115,2,40,2,3587.443946
JP Nagar,1000,2,35,2,3500
Kambipura,883,2,45,2,5096.262741
Sarjapur  Road,1195,2,70,2,5857.740586
other,1200,3,165,4,13750
other,700,1,41,1,5857.142857
Vittasandra,1246,2,67,2,5377.207063
8th Phase JP Nagar,660,4,90,4,13636.36364
Banashankari Stage III,8500,4,145,4,1705.882353
other,1600,4,80,4,5000
Haralur Road,2805,5,154,4,5490.196078
Begur Road,1584,3,65,3,4103.535354
Sector 7 HSR Layout,3000,5,275,4,9166.666667
Hosur Road,1175,2,48,3,4085.106383
other,1595,3,115,3,7210.031348
other,1353,2,110,2,8130.081301
Electronic City,1599,3,125,3,7817.385866
Whitefield,1150,2,70,2,6086.956522
Jakkur,5230,6,465,4,8891.013384
KR Puram,1155,2,42.74,2,3700.4329
other,1200,2,85,1,7083.333333
Electronic City Phase II,1000,2,25,2,2500
Thanisandra,3000,4,120,4,4000
Rajiv Nagar,1867,3,160,3,8569.898232
Ramagondanahalli,1251,2,47,2,3756.994404
other,1028,2,45.5,2,4426.070039
Arekere,1222,2,45,2,3682.487725
Bannerghatta Road,1170,2,66,3,5641.025641
Hebbal,2400,4,245,3,10208.33333
other,1385,2,48.48,3,3500.361011
HSR Layout,1372,2,68,2,4956.268222
Magadi Road,1282,2,49,3,3822.152886
Mico Layout,5000,9,210,9,4200
other,3000,3,528,5,17600
Kanakpura Road,1135,2,39.73,2,3500.440529
Whitefield,1768,3,101,3,5712.669683
other,1325,2,90,3,6792.45283
Electronic City,1599,3,99,3,6191.369606
Whitefield,1500,3,61.95,3,4130
other,2610,3,499,3,19118.77395
Uttarahalli,1286,2,63,2,4898.911353
Kammanahalli,2845,5,140,5,4920.913884
other,1600,2,50,3,3125
Hennur Road,,2,63.77,2,
Hebbal,3450,5,260,3,7536.231884
Munnekollal,1102,2,53.67,2,4870.235935
Yelahanka,1350,2,54,2,4000
Banashankari,1200,2,42,3,3500
Hosa Road,1300,6,145,6,11153.84615
other,1800,1,80,2,4444.444444
Chikkabanavar,950,2,40,2,4210.526316
Kanakpura Road,525,1,27.25,1,5190.47619
Attibele,656,2,25,2,3810.97561
Marathahalli,1780,4,175,4,9831.460674
other,1056,2,80,2,7575.757576
Bannerghatta Road,595,1,33.32,1,5600
other,1080,2,50,2,4629.62963
7th Phase JP Nagar,2225,3,160,3,7191.011236
Bommasandra,1126,2,28.15,2,2500
Electronics City Phase 1,1490,3,84,3,5637.583893
HRBR Layout,2000,4,300,4,15000
Sarjapur  Road,1550,3,100,3,6451.612903
other,1160,2,55,2,4741.37931
Whitefield,4144,4,315,4,7601.351351
Sarjapur  Road,2100,3,125,3,5952.380952
Vittasandra,1404,2,69.3,2,4935.897436
Sarjapur  Road,2230,4,225,4,10089.6861
other,1544,3,120,3,7772.020725
Banashankari Stage III,1305,2,58.7,3,4498.084291
Marathahalli,1230,2,80,2,6504.065041
other,1200,2,65,2,5416.666667
Harlur,1460,3,73,3,5000
Gottigere,967,2,45,2,4653.567735
other,540,1,36,1,6666.666667
Hormavu,715,1,46,1,6433.566434
Whitefield,2500,3,313,3,12520
other,1578,3,180,3,11406.84411
Mysore Road,1020,2,48.95,2,4799.019608
Jigani,1020,2,40,2,3921.568627
Koramangala,1253,2,102,2,8140.462889
other,1180,2,42,2,3559.322034
Nehru Nagar,961,2,38,2,3954.21436
Kanakapura,1419,3,75,3,5285.412262
Harlur,1709,3,150,3,8777.06261
other,1600,2,115,2,7187.5
other,416,1,18.5,1,4447.115385
Sanjay nagar,1100,2,98,2,8909.090909
HSR Layout,1430,2,65,3,4545.454545
other,1260,2,45,2,3571.428571
other,1630,3,85,3,5214.723926
Sarjapur  Road,1249,3,44.71,3,3579.663731
Kalena Agrahara,1450,2,85,3,5862.068966
Konanakunte,2791,3,223,3,7989.967753
other,600,1,90,1,15000
other,834,1,60,1,7194.244604
other,1125,4,70,3,6222.222222
Arekere,2060,3,140,3,6796.116505
Malleshwaram,12000,7,2200,7,18333.33333
Gottigere,891,2,25,2,2805.836139
Raja Rajeshwari Nagar,1133,2,49.07,2,4330.9797
Bisuvanahalli,1075,2,37,3,3441.860465
other,3000,5,260,4,8666.666667
Brookefield,2440,5,425,4,17418.03279
Vidyaranyapura,1200,2,55,2,4583.333333
Thanisandra,1075,2,45.8,2,4260.465116
Kaggadasapura,1140,2,40,2,3508.77193
Margondanahalli,940,4,150,5,15957.44681
other,2160,5,250,6,11574.07407
Raja Rajeshwari Nagar,1090,2,42,2,3853.211009
R.T. Nagar,1500,4,70,4,4666.666667
Whitefield,4104,4,360,4,8771.929825
Whitefield,1790,3,100,3,5586.592179
Hebbal,1920,3,134,3,6979.166667
HRBR Layout,1374,2,95,2,6914.11936
Bannerghatta Road,1445,3,95,3,6574.394464
Kanakapura,711,1,36,1,5063.291139
Tumkur Road,1500,3,95,3,6333.333333
Whitefield,1720,3,100,3,5813.953488
Vasanthapura,1400,3,60,3,4285.714286
Kundalahalli,1030,2,49,2,4757.281553
Mysore Road,1200,2,85,2,7083.333333
other,1375,3,70,3,5090.909091
Hegde Nagar,1050,1,56,2,5333.333333
Jalahalli,2250,3,160,3,7111.111111
Bellandur,1000,2,50,2,5000
other,469,1,25,1,5330.490405
Marathahalli,3800,4,250,4,6578.947368
Kambipura,883,2,29,2,3284.258211
GM Palaya,1820,2,86,3,4725.274725
Singasandra,1440,2,65,3,4513.888889
other,3600,4,160,6,4444.444444
Malleshwaram,2500,5,325,4,13000
Mahadevpura,1225,2,48,2,3918.367347
other,4000,3,660,3,16500
Chikkalasandra,875,2,52.8,2,6034.285714
Jalahalli East,750,1,40,1,5333.333333
6th Phase JP Nagar,1180,2,80,2,6779.661017
Haralur Road,1194,2,47,2,3936.348409
Hennur Road,1500,2,62,3,4133.333333
other,1160,2,52.2,2,4500
Arekere,,9,265,9,
Hosakerehalli,2378,3,262,3,11017.6619
Sarjapur,1128,2,60,2,5319.148936
Hebbal,1500,3,150,3,10000
other,1220,2,35.23,3,2887.704918
Sarjapur  Road,1210,2,58,2,4793.38843
Kanakpura Road,1100,2,58,3,5272.727273
Bommasandra,1200,3,46,3,3833.333333
Haralur Road,3385,5,260,4,7680.945347
other,1641,3,66,3,4021.937843
Horamavu Agara,1200,2,45,2,3750
Raja Rajeshwari Nagar,1260,2,67.39,2,5348.412698
Mahadevpura,1720,3,78,3,4534.883721
Yelahanka,,2,48.13,2,
Yelahanka,1210,2,45.98,2,3800
Indira Nagar,2200,4,200,4,9090.909091
Bisuvanahalli,1075,2,45,3,4186.046512
Thanisandra,1702,3,130,3,7638.072855
other,1630,2,200,2,12269.93865
Raja Rajeshwari Nagar,1141,2,38.55,2,3378.61525
other,2072,3,108,3,5212.355212
other,1200,2,70,3,5833.333333
other,1350,3,77,3,5703.703704
other,,4,445,4,
other,1180,2,78.34,3,6638.983051
Yelahanka,35000,3,130,3,371.4285714
other,1355,2,115,2,8487.084871
other,600,1,50,1,8333.333333
Hormavu,1200,7,150,7,12500
Bannerghatta Road,1640,2,120,3,7317.073171
other,1200,5,100,5,8333.333333
Kodichikkanahalli,1190,2,57,3,4789.915966
OMBR Layout,2400,4,375,4,15625
Marathahalli,1019,2,49.85,2,4892.05103
other,1875,3,165,3,8800
Akshaya Nagar,1250,3,40,3,3200
Brookefield,1200,3,140,3,11666.66667
Whitefield,1140,2,56,2,4912.280702
Lingadheeranahalli,1683,3,109,3,6476.530006
Kaggadasapura,1515,3,83.3,3,5498.349835
Hoodi,2118,4,111,4,5240.793201
Bannerghatta Road,1380,3,58,4,4202.898551
Varthur Road,1083,2,61.75,2,5701.754386
other,600,2,55,2,9166.666667
other,2300,3,120,3,5217.391304
other,1240,2,60,2,4838.709677
other,1750,3,120,3,6857.142857
other,1230,2,43.48,2,3534.95935
Anjanapura,1500,3,139,3,9266.666667
Abbigere,985,2,40.39,2,4100.507614
Tindlu,1500,2,87,3,5800
Electronic City,1125,2,32.49,2,2888
other,950,2,44,2,4631.578947
Kothanur,1580,3,76,3,4810.126582
other,1092,2,98.5,3,9020.14652
Electronic City Phase II,1090,2,28.34,2,2600
Hennur Road,2264,3,159,3,7022.968198
Dommasandra,1033,2,25.53,3,2471.442401
Kammasandra,810,2,24.5,2,3024.691358
other,1045,2,45,2,4306.220096
Hebbal,1337,2,82,2,6133.133882
Chandapura,1200,2,32,2,2666.666667
Koramangala,1580,3,160,3,10126.58228
Begur Road,1500,2,54,3,3600
Whitefield,1640,4,91,3,5548.780488
other,1570,3,62,3,3949.044586
Gubbalala,1470,2,82,3,5578.231293
Kengeri,1160,2,40.61,2,3500.862069
7th Phase JP Nagar,1050,2,71,2,6761.904762
other,1855,3,225,3,12129.38005
Bannerghatta Road,1460,2,90,3,6164.383562
Hulimavu,1823,3,100,3,5485.463522
Electronic City,1094,2,42,2,3839.122486
Budigere,1153,2,57,2,4943.625325
other,1325,3,57,3,4301.886792
Parappana Agrahara,1200,3,85,4,7083.333333
Jakkur,1590,2,125,3,7861.63522
other,1210,4,160,5,13223.1405
Raja Rajeshwari Nagar,1200,4,220,4,18333.33333
other,1202,2,48,2,3993.344426
Haralur Road,1202,2,53,2,4409.317804
other,1200,2,62.5,2,5208.333333
Panathur,1688,3,118,3,6990.521327
Kaval Byrasandra,1020,2,52,2,5098.039216
Sarjapur,1185,2,47,2,3966.244726
Ramagondanahalli,1235,2,52.04,2,4213.765182
Hosakerehalli,3205,5,500,4,15600.62402
Banashankari,1077,2,37.64,2,3494.893222
Kengeri Satellite Town,1415,2,66,3,4664.310954
EPIP Zone,2330,3,162,3,6952.7897
Whitefield,805,2,35,2,4347.826087
other,425,1,20.03,1,4712.941176
Whitefield,1155,2,59.95,2,5190.47619
Cunningham Road,5270,4,1250,4,23719.16509
Anekal,656,2,22,2,3353.658537
other,1100,2,48,2,4363.636364
Mahadevpura,1150,2,52,2,4521.73913
other,600,1,60,1,10000
other,1468,2,140,2,9536.784741
other,4300,5,550,4,12790.69767
Whitefield,2280,4,126,3,5526.315789
Hegde Nagar,1341,2,97,2,7233.407905
Jakkur,1279,2,77,2,6020.328382
Electronic City Phase II,2225,4,98.88,4,4444.044944
Thanisandra,1185,2,43.51,2,3671.729958
other,1750,3,85,3,4857.142857
Kudlu,1152,2,53.5,2,4644.097222
other,1000,4,160,5,16000
Hulimavu,1300,2,36,2,2769.230769
Varthur Road,2760,4,155,4,5615.942029
5th Phase JP Nagar,1070,2,39,2,3644.859813
Uttarahalli,1101,2,45,2,4087.19346
other,775,2,55,2,7096.774194
Yeshwanthpur,667,1,36.85,1,5524.737631
Electronic City,1070,2,55,2,5140.186916
Old Airport Road,1875,2,110,3,5866.666667
Kundalahalli,735,2,57.99,2,7889.795918
Sarjapur,4360,4,90,5,2064.220183
Koramangala,1750,3,130,3,7428.571429
Marathahalli,1215,2,67,2,5514.403292
other,600,9,190,9,31666.66667
Vishwapriya Layout,820,2,30,2,3658.536585
Banashankari Stage VI,,2,59.935,2,
Battarahalli,1779,3,89.61,3,5037.099494
other,1105,2,58,2,5248.868778
other,10760,2,93,1,864.3122677
Whitefield,1650,3,60,3,3636.363636
Jalahalli,1694,2,150,2,8854.781582
Hosakerehalli,2376,3,203,3,8543.771044
Cox Town,1975,3,150,3,7594.936709
Kammasandra,674,2,33,2,4896.142433
Kaggadasapura,1185,2,41,2,3459.915612
other,445,1,28,1,6292.134831
other,900,7,76,6,8444.444444
HSR Layout,1475,3,75,3,5084.745763
Gottigere,1618,3,82.5,3,5098.887515
Koramangala,1120,2,65,2,5803.571429
Marathahalli,2181,3,152,4,6969.280147
Vidyaranyapura,1200,4,90,4,7500
other,600,4,65,6,10833.33333
Bannerghatta Road,1556,2,59.13,3,3800.128535
Bannerghatta Road,1179,2,66.02,2,5599.660729
Thanisandra,1296,2,83,2,6404.320988
Kaggadasapura,1275,2,52,2,4078.431373
other,1875,2,300,7,16000
Kathriguppe,1400,2,77,3,5500
Gottigere,1222,2,63,2,5155.482815
Electronic City,940,2,41,2,4361.702128
Thanisandra,1185,2,42.6,2,3594.936709
Tumkur Road,1779,3,112,3,6295.671726
Begur Road,1615,3,59.76,3,3700.309598
Haralur Road,1056,2,61,2,5776.515152
7th Phase JP Nagar,1100,2,46,2,4181.818182
Arekere,920,2,40,2,4347.826087
other,1602,2,75,3,4681.64794
Padmanabhanagar,1176,2,62,2,5272.108844
HBR Layout,675,3,59,4,8740.740741
other,1352,3,135,3,9985.207101
Kasavanhalli,1717,3,99,3,5765.870705
other,10961,4,80,4,729.8604142
Bhoganhalli,2119,4,111,4,5238.319962
Vittasandra,1246,2,67.3,2,5401.284109
Anandapura,1141,2,42.79,2,3750.219106
Hennur Road,1157,2,84,2,7260.155575
Chandapura,1025,2,27.68,2,2700.487805
Yelahanka New Town,650,1,33,1,5076.923077
Hebbal,1349,2,98,2,7264.640474
Narayanapura,1566,3,83.3,3,5319.284802
Sahakara Nagar,2830,3,195,4,6890.459364
Electronic City,1320,2,38.13,3,2888.636364
other,1780,3,84.83,3,4765.730337
Varthur,1091,2,34.9,2,3198.900092
Rachenahalli,3670,4,300,4,8174.386921
7th Phase JP Nagar,918,2,50.49,2,5500
Yeshwanthpur,1950,4,130,4,6666.666667
Panathur,1695,3,90,3,5309.734513
Yelahanka,1705,3,95,3,5571.847507
Kalyan nagar,1375,3,75,3,5454.545455
Kanakpura Road,525,1,30,1,5714.285714
Whitefield,1447,2,83,2,5736.005529
Thanisandra,1114,2,39,2,3500.897666
7th Phase JP Nagar,1450,2,100,3,6896.551724
other,460,1,15,2,3260.869565
Vasanthapura,1022,2,40,2,3913.894325
Hebbal,1000,2,45,2,4500
Electronic City,1128,2,68.75,2,6094.858156
Kanakpura Road,1180,2,57,2,4830.508475
TC Palaya,1000,6,69,6,6900
Nagarbhavi,1200,2,150,2,12500
other,3761,3,660,3,17548.52433
Kanakpura Road,1339,2,75,2,5601.194922
Yelachenahalli,1400,2,55,3,3928.571429
7th Phase JP Nagar,1040,2,39.52,2,3800
Kadugodi,1198,2,58,2,4841.402337
other,1200,3,95,4,7916.666667
Sarjapur  Road,1691,3,113,3,6682.436428
Bisuvanahalli,1075,3,36,3,3348.837209
1st Block Jayanagar,1630,3,194,3,11901.84049
8th Phase JP Nagar,1240,3,43.5,3,3508.064516
Bannerghatta Road,,2,58.935,2,
Mallasandra,1665,3,86.58,3,5200
Marathahalli,2489,3,94,3,3776.617115
Brookefield,1142,2,70,2,6129.597198
other,1976,3,184,3,9311.740891
other,5500,4,600,4,10909.09091
Kothannur,1853,3,82,3,4425.256341
Vijayanagar,600,4,72,8,12000
Kasturi Nagar,1567,2,92,2,5871.091257
Talaghattapura,1090,2,27.24,2,2499.082569
Raja Rajeshwari Nagar,1200,4,125,6,10416.66667
other,2400,4,640,4,26666.66667
Electronics City Phase 1,1175,2,51.47,2,4380.425532
Subramanyapura,1200,2,52,2,4333.333333
Kodichikkanahalli,995,2,41,2,4120.603015
Magadi Road,884,2,41.1,2,4649.321267
other,900,3,80,5,8888.888889
Yeshwanthpur,1170,2,57,2,4871.794872
KR Puram,1225,2,46.55,2,3800
Electronic City,1342,2,73.3,2,5461.997019
Uttarahalli,1345,2,67,2,4981.412639
Kodigehaali,1320,3,65,3,4924.242424
other,,2,45,2,
Raja Rajeshwari Nagar,1140,2,49.39,2,4332.45614
Battarahalli,1300,2,50,2,3846.153846
Hosa Road,1652,3,85,3,5145.27845
Thigalarapalya,2072,4,142,3,6853.281853
Arekere,1740,2,95,3,5459.770115
Electronic City,1360,2,71,3,5220.588235
Hosur Road,1145,2,60,3,5240.174672
Uttarahalli,1540,2,40,3,2597.402597
Sarjapur  Road,1278,2,95,2,7433.489828
Electronic City Phase II,630,1,40,1,6349.206349
Kanakpura Road,1100,3,58,3,5272.727273
other,1200,3,95,3,7916.666667
other,2500,6,115,7,4600
Chandapura,,1,15.135,1,
Chandapura,1015,2,25.88,2,2549.753695
Hosur Road,3300,5,240,5,7272.727273
Basaveshwara Nagar,4500,5,415,5,9222.222222
Gunjur,1356,2,66,3,4867.256637
other,823,2,28,2,3402.18712
TC Palaya,1200,2,66,3,5500
Ramamurthy Nagar,1050,2,37,2,3523.809524
other,1180,2,69,2,5847.457627
Whitefield,1116,2,51.91,2,4651.433692
7th Phase JP Nagar,1070,2,42.79,2,3999.065421
Varthur,1385,2,80,2,5776.173285
Varthur,1000,1,70,1,7000
Whitefield,1897,3,130,3,6852.925672
Magadi Road,1005,2,55.78,2,5550.248756
Green Glen Layout,1575,3,125,3,7936.507937
Subramanyapura,975,2,65,2,6666.666667
Hennur Road,1904,3,120,3,6302.521008
Kengeri Satellite Town,930,1,30,1,3225.806452
Kanakpura Road,525,1,26,1,4952.380952
other,686,1,17,1,2478.134111
Electronic City Phase II,2400,3,150,2,6250
other,1410,1,233,2,16524.8227
Sarjapur  Road,2238,3,140,3,6255.585344
Harlur,1174,2,69,2,5877.342419
Thubarahalli,3800,4,239,4,6289.473684
Whitefield,2225,2,125,3,5617.977528
other,1250,2,200,2,16000
Jigani,918,2,52,2,5664.488017
Mahadevpura,1250,2,52,2,4160
Sarjapur  Road,1800,3,110,3,6111.111111
Marathahalli,1170,2,53,2,4529.91453
other,1300,1,200,1,15384.61538
Bannerghatta Road,793,2,45,2,5674.653216
Jakkur,1710,3,107,3,6257.309942
Kambipura,1082,2,57.5,3,5314.232902
other,1001,2,33.03,2,3299.7003
other,1500,4,180,4,12000
Yelahanka,1590,2,54,3,3396.226415
other,2400,2,80,3,3333.333333
Horamavu Banaswadi,1554,3,55,3,3539.253539
Thanisandra,,2,43.415,2,
Bellandur,4239,5,423,5,9978.768577
Konanakunte,884,1,58,2,6561.085973
Hosa Road,1045,2,98.89,2,9463.157895
Marathahalli,1019,2,49.86,2,4893.032385
Ambedkar Nagar,1935,4,130,3,6718.346253
Uttarahalli,1135,2,39.73,3,3500.440529
Lakshminarayana Pura,1680,3,150,3,8928.571429
Hebbal,2470,5,247,4,10000
1st Phase JP Nagar,2825,4,250,4,8849.557522
Hosakerehalli,2480,3,330,3,13306.45161
5th Phase JP Nagar,1260,11,290,9,23015.87302
Ramamurthy Nagar,1800,4,187,5,10388.88889
Kasavanhalli,1799,3,90,3,5002.779322
Attibele,400,1,11,1,2750
Kundalahalli,1047,2,82,2,7831.900669
other,1282,2,87,2,6786.271451
NGR Layout,1020,2,45.9,2,4500
Kammanahalli,1080,3,155,4,14351.85185
Whitefield,1495,2,79.5,2,5317.725753
Kasavanhalli,3260,4,240,4,7361.96319
other,1611,2,64.44,3,4000
Koramangala,3500,5,425,4,12142.85714
other,1500,2,95,3,6333.333333
Sahakara Nagar,1500,2,95,3,6333.333333
Yelahanka,3206,5,270,4,8421.709295
Uttarahalli,1540,3,50,3,3246.753247
Hosa Road,1639,3,80,3,4881.025015
Marathahalli,700,4,72,4,10285.71429
Raja Rajeshwari Nagar,1303,2,55.79,2,4281.657713
Koramangala,1005,1,110,2,10945.27363
Kammasandra,,1,18.41,1,
Chandapura,1305,3,33.28,3,2550.191571
Kothannur,600,4,95,3,15833.33333
other,1300,1,115,2,8846.153846
Brookefield,1440,2,68,3,4722.222222
Seegehalli,901,2,35.14,2,3900.110988
Rajaji Nagar,1725,3,200,3,11594.2029
Sarjapur,900,2,42,3,4666.666667
BEML Layout,1060,2,55,2,5188.679245
NGR Layout,1020,2,48.45,2,4750
Varthur,1535,3,65.99,3,4299.022801
other,530,1,20,1,3773.584906
Haralur Road,1464,3,56,3,3825.136612
other,1350,2,80,2,5925.925926
Sarjapur  Road,1115,2,50,2,4484.304933
Uttarahalli,1175,2,47,2,4000
Whitefield,1113,2,62,2,5570.530099
Uttarahalli,1200,4,225,6,18750
Ramamurthy Nagar,1640,4,240,5,14634.14634
Giri Nagar,650,2,42,2,6461.538462
Marathahalli,1325,2,71.55,2,5400
Electronics City Phase 1,950,2,31,2,3263.157895
Jakkur,1396,2,86.51,3,6196.991404
Rachenahalli,1050,2,52.07,2,4959.047619
Thanisandra,1825,3,100,3,5479.452055
7th Phase JP Nagar,1190,2,49.98,2,4200
Marathahalli,1220,2,56.5,2,4631.147541
NRI Layout,1565,2,75,3,4792.332268
Hennur Road,1891,3,109,3,5764.145955
other,900,2,27,2,3000
Hosa Road,1161,2,55.15,2,4750.215332
Sarjapur,,1,17.535,1,
other,2400,6,125,8,5208.333333
Rajaji Nagar,315,4,90,4,28571.42857
Yeshwanthpur,665,1,36.85,1,5541.353383
Mysore Road,1175,2,73.5,2,6255.319149
Hoodi,1425,2,80,2,5614.035088
Chikkabanavar,1200,1,20,1,1666.666667
ITPL,1200,3,56.12,3,4676.666667
Somasundara Palya,1255,2,67,2,5338.645418
Hegde Nagar,2112.95,4,145,3,6862.443503
Raja Rajeshwari Nagar,600,1,22,1,3666.666667
Haralur Road,1810,3,100,3,5524.861878
Indira Nagar,1200,2,93,2,7750
Harlur,1033,2,49,2,4743.465634
ITPL,1548,3,89.5,3,5781.653747
Horamavu Banaswadi,1611,3,66,3,4096.834264
Electronic City Phase II,1400,2,40.43,3,2887.857143
Vidyaranyapura,1485,2,67,3,4511.784512
Margondanahalli,2400,2,82,2,3416.666667
Pattandur Agrahara,1025,2,44.5,2,4341.463415
other,600,3,65,4,10833.33333
other,1225,2,53,2,4326.530612
5th Phase JP Nagar,1256,2,62.8,2,5000
Whitefield,2268,3,163,4,7186.948854
Kanakpura Road,1100,3,53,3,4818.181818
other,1141,2,62,2,5433.829974
Attibele,400,1,12,1,3000
Chandapura,1400,2,60,2,4285.714286
other,4100,7,140,7,3414.634146
other,,1,110,1,
other,15,1,30,1,200000
other,1175,2,48.27,2,4108.085106
Sahakara Nagar,1100,2,56,2,5090.909091
Kanakpura Road,1843,3,95.84,3,5200.217037
1st Phase JP Nagar,1200,7,240,8,20000
Horamavu Banaswadi,1460,2,80.5,2,5513.69863
Rachenahalli,1530,2,74.5,3,4869.281046
HSR Layout,1467,2,55,2,3749.147921
other,950,1,40,1,4210.526316
Vittasandra,1246,2,64.5,2,5176.565008
Kanakapura,711,1,38,1,5344.585091
Haralur Road,1194,2,46,2,3852.596315
Babusapalaya,1358,2,43.4,3,3195.876289
Nagasandra,1500,5,130,6,8666.666667
Hoodi,1420,2,75,2,5281.690141
Kathriguppe,1250,2,68.75,3,5500
Akshaya Nagar,1280,2,58,2,4531.25
other,1209,2,50,2,4135.649297
other,4200,5,225,5,5357.142857
other,1215,4,205,4,16872.42798
Panathur,1315,2,54.8,3,4167.30038
other,1800,3,90,3,5000
other,1600,4,125,5,7812.5
TC Palaya,1600,2,65,3,4062.5
other,3968,5,900,6,22681.45161
other,1563,3,52,3,3326.935381
Whitefield,1560,2,72,3,4615.384615
Brookefield,2169,4,115,3,5301.98248
other,900,10,170,9,18888.88889
Rachenahalli,1050,2,55.5,2,5285.714286
Iblur Village,3235,3,235,3,7264.296754
TC Palaya,1200,3,66,3,5500
HSR Layout,1140,2,46,2,4035.087719
7th Phase JP Nagar,1500,3,170,3,11333.33333
Horamavu Agara,1560,3,75,3,4807.692308
JP Nagar,1100,2,70,2,6363.636364
Kasavanhalli,1260,2,40.32,3,3200
Hebbal,1036,2,50,2,4826.254826
Akshaya Nagar,1662,3,85.1,3,5120.336943
Yelachenahalli,1464,2,105,3,7172.131148
Yelahanka,1234,2,80,2,6482.982172
Sarjapur  Road,1403,3,55,3,3920.171062
other,915,4,54.9,4,6000
2nd Stage Nagarbhavi,3000,8,451,6,15033.33333
Seegehalli,1150,2,42.9,3,3730.434783
Hebbal,3900,4,410,4,10512.82051
Yeshwanthpur,850,4,90,5,10588.23529
Kanakapura,929,2,46,2,4951.560818
2nd Stage Nagarbhavi,2400,8,450,6,18750
TC Palaya,1350,2,75,3,5555.555556
Vasanthapura,1135,2,39.73,2,3500.440529
other,1405,2,70,2,4982.206406
Whitefield,1200,2,45.84,2,3820
Haralur Road,2805,4,154,4,5490.196078
Yeshwanthpur,1161,2,64.08,2,5519.379845
Kanakpura Road,1290,2,74,2,5736.434109
Yeshwanthpur,2557,3,141,3,5514.27454
other,1480,3,90,3,6081.081081
other,3300,14,500,9,15151.51515
Old Madras Road,1350,3,54.54,3,4040
Kadugodi,1580,2,65,3,4113.924051
Banashankari,1470,2,88.64,3,6029.931973
Ananth Nagar,500,1,14,1,2800
Sarjapur  Road,1346,2,61.92,2,4600.297177
other,1600,3,90,3,5625
other,720,2,120,2,16666.66667
other,,2,29.5,2,
other,1200,4,135,4,11250
other,1200,2,35,2,2916.666667
Channasandra,1340,2,48.33,3,3606.716418
Devanahalli,6136,4,560,4,9126.466754
Jigani,918,2,48,2,5228.75817
other,1500,3,115,3,7666.666667
Yelahanka,1315,2,85,2,6463.878327
other,2400,5,775,4,32291.66667
Uttarahalli,1390,2,62.55,3,4500
Uttarahalli,1330,2,56,3,4210.526316
Jalahalli,3100,4,265,5,8548.387097
other,1824,3,125,3,6853.070175
7th Phase JP Nagar,1420,2,96,3,6760.56338
other,750,1,56.25,1,7500
Jalahalli East,1260,2,60,3,4761.904762
Hennur Road,1561,3,95,3,6085.842409
5th Phase JP Nagar,812,6,165,9,20320.19704
other,1060,2,42,2,3962.264151
Hoodi,1120,8,145,8,12946.42857
Haralur Road,1225,2,67.38,2,5500.408163
Thanisandra,2144,3,135,3,6296.641791
Kengeri,1200,6,140,7,11666.66667
Electronic City,880,2,29,2,3295.454545
Hoodi,1639,3,110,3,6711.409396
Thanisandra,1240,2,62,3,5000
Kanakpura Road,1500,2,69,2,4600
Haralur Road,1243,2,46,2,3700.724055
Marathahalli,1575,3,78,3,4952.380952
Haralur Road,1027,2,44,2,4284.323272
Kambipura,1082,2,56,3,5175.600739
Konanakunte,1637,3,73,3,4459.376909
Kanakpura Road,1665,3,86.58,3,5200
Electronic City,1265,2,56.93,2,4500.395257
Electronic City,1691,2,102,3,6031.933767
Thanisandra,1100,2,38,2,3454.545455
other,24,2,150,5,625000
other,1500,3,62,3,4133.333333
Hosakerehalli,3205,5,380,4,11856.47426
Kammanahalli,1666,4,150,5,9003.601441
Choodasandra,1115,2,50,2,4484.304933
Mysore Road,1070,2,45,2,4205.607477
Indira Nagar,1128,2,105,2,9308.510638
Budigere,1162,2,57,2,4905.335628
other,1339,2,55,2,4107.542942
Mahadevpura,1192,2,75,2,6291.946309
Haralur Road,1920,3,115,3,5989.583333
Hennur,1255,2,52.32,2,4168.924303
Rajaji Nagar,1357,2,115,2,8474.576271
other,1600,3,75,3,4687.5
other,1225,2,55.11,2,4498.77551
Whitefield,2400,4,200,4,8333.333333
Kasturi Nagar,1570,3,80,3,5095.541401
Thanisandra,1093,2,70,2,6404.391583
Basaveshwara Nagar,1865,3,145,3,7774.798928
R.T. Nagar,1200,7,165,6,13750
Kaikondrahalli,1039,2,80,2,7699.711261
Vittasandra,1246,2,64.5,2,5176.565008
Whitefield,1985,3,75,3,3778.337531
Hosakerehalli,1590,3,49,3,3081.761006
other,4000,4,675,4,16875
Electronic City Phase II,775,2,38,2,4903.225806
other,1000,2,50,2,5000
Hebbal Kempapura,1800,3,175,3,9722.222222
Bommasandra,1035,2,41,2,3961.352657
Dasarahalli,1520,2,75,3,4934.210526
Whitefield,1360,2,95,2,6985.294118
other,6000,5,400,4,6666.666667
Kodigehaali,1117,2,56,2,5013.428827
KR Puram,1200,4,120,4,10000
EPIP Zone,1330,2,92.5,2,6954.887218
Marathahalli,1937,3,160,3,8260.19618
Electronic City,1128,2,65.49,2,5805.851064
Neeladri Nagar,1053,2,45,2,4273.504274
Panathur,1198,2,77,2,6427.378965
Marathahalli,1152,2,56,2,4861.111111
1st Block Jayanagar,1200,6,125,6,10416.66667
Frazer Town,1625,2,75,2,4615.384615
Kundalahalli,1397,3,105,3,7516.105941
Yeshwanthpur,1523,3,170,3,11162.17991
Kambipura,883,2,45,2,5096.262741
Kaggalipura,700,1,38,1,5428.571429
Yelahanka,1170,2,62.5,2,5341.880342
Kanakpura Road,1200,2,42,3,3500
other,2400,3,170,3,7083.333333
other,1480,2,65,2,4391.891892
Akshaya Nagar,1897,3,120,3,6325.777543
Rachenahalli,996,2,67,2,6726.907631
Haralur Road,1875,3,110,3,5866.666667
other,1500,2,98,3,6533.333333
other,3095,3,350,3,11308.5622
Ambalipura,1390,2,175,3,12589.92806
Yelahanka,,3,65.255,3,
Yelahanka,697,1,45,1,6456.241033
Sarjapur  Road,710,1,27,1,3802.816901
other,910,2,30.5,2,3351.648352
Sompura,1025,2,48,3,4682.926829
Magadi Road,,2,46.5,2,
Harlur,1200,4,244,4,20333.33333
Horamavu Agara,1453,2,46.48,3,3198.89883
Sarjapur  Road,3335,5,300,4,8995.502249
Thanisandra,,2,36.435,2,
Bellandur,1281,2,74,2,5776.736924
Cooke Town,565,1,35,1,6194.690265
Varthur,1024,2,42,2,4101.5625
Electronic City,1620,3,62,3,3827.160494
Whitefield,1254,2,40,2,3189.792663
Banashankari,1300,2,75,3,5769.230769
Doddakallasandra,1233,2,43,2,3487.429035
other,1200,1,28,1,2333.333333
Hosur Road,1510,2,105,3,6953.642384
Kaggalipura,950,2,65,2,6842.105263
Battarahalli,1945,3,97.42,3,5008.74036
Uttarahalli,1008,2,45,2,4464.285714
Thanisandra,1265,2,79,3,6245.059289
Hebbal,1255,2,77.68,3,6189.641434
Kanakpura Road,2689,6,220,4,8181.480104
Yelenahalli,1200,2,46.17,2,3847.5
Sarjapur  Road,1403,3,51.63,3,3679.97149
Kudlu Gate,1535,3,85,3,5537.459283
other,1500,3,100,3,6666.666667
Chamrajpet,1475,2,120,3,8135.59322
Uttarahalli,1390,2,60.47,3,4350.359712
Raja Rajeshwari Nagar,1278,2,53.76,3,4206.57277
other,1133,2,55,2,4854.368932
other,1560,5,145,5,9294.871795
other,2900,5,90,5,3103.448276
Kogilu,1170,2,51.99,2,4443.589744
Sahakara Nagar,1200,3,200,3,16666.66667
Whitefield,1697,3,94.79,3,5585.73954
Thanisandra,1651,3,97.38,3,5898.243489
other,1560,3,188,3,12051.28205
Hennur Road,1192,2,60,3,5033.557047
OMBR Layout,1078,2,65,2,6029.684601
Kumaraswami Layout,800,7,105,7,13125
Kasavanhalli,1349,2,78,2,5782.060786
Ulsoor,2300,8,210,9,9130.434783
7th Phase JP Nagar,1680,3,120,3,7142.857143
Rayasandra,1314,2,63,3,4794.520548
Garudachar Palya,1060,2,48.7,2,4594.339623
Kalyan nagar,820,2,39,2,4756.097561
Whitefield,5000,4,400,4,8000
BEML Layout,2000,3,85,3,4250
other,856,2,40,2,4672.897196
Rajaji Nagar,1621,4,130,3,8019.740901
ITPL,1200,3,68.4,3,5700
Bannerghatta Road,1484,3,52.5,3,3537.735849
other,600,5,60,4,10000
other,14000,3,800,4,5714.285714
Yelahanka New Town,500,1,20,1,4000
other,485,1,15,1,3092.783505
7th Phase JP Nagar,1050,2,42,2,4000
Uttarahalli,1617,3,66.68,3,4123.685838
Electronic City,550,1,16,2,2909.090909
other,1384,3,62.28,3,4500
Devanahalli,1408,2,85,2,6036.931818
Uttarahalli,1150,2,49,2,4260.869565
Akshaya Nagar,1410,2,75,3,5319.148936
Kaggadasapura,2150,4,100,4,4651.162791
Koramangala,2292,4,275,3,11998.2548
Malleshwaram,2006,3,297,3,14805.58325
other,1508,3,70.25,3,4658.488064
Ramamurthy Nagar,1040,2,50,2,4807.692308
TC Palaya,1240,2,60,2,4838.709677
Kudlu Gate,1535,3,78,3,5081.433225
Lakshminarayana Pura,1180,2,75,2,6355.932203
Abbigere,2200,6,68,6,3090.909091
Bannerghatta Road,1400,2,78,2,5571.428571
Raja Rajeshwari Nagar,500,1,25,1,5000
Whitefield,4800,4,525,4,10937.5
Sarjapur  Road,1984,4,146,3,7358.870968
Whitefield,3000,5,250,4,8333.333333
Garudachar Palya,1960,3,160,3,8163.265306
Sarjapur  Road,1035,2,45,2,4347.826087
other,2150,4,80,4,3720.930233
Whitefield,1700,3,115,3,6764.705882
Hosakerehalli,3024,5,248,4,8201.058201
Tumkur Road,1586,3,100,3,6305.17024
Chikka Tirupathi,2325,4,120,4,5161.290323
Yelahanka,1120,2,55,2,4910.714286
Sarjapur  Road,1128,2,59,2,5230.496454
5th Block Hbr Layout,1200,6,250,6,20833.33333
Jigani,924,2,65,2,7034.632035
other,1600,3,52,3,3250
Pai Layout,1006,2,35,2,3479.125249
Amruthahalli,1200,2,55,2,4583.333333
other,1250,2,62,2,4960
other,1200,3,130,3,10833.33333
Kannamangala,957,2,56,2,5851.619645
Whitefield,1140,2,41,2,3596.491228
other,1050,2,67,2,6380.952381
Kasturi Nagar,1565,3,88.5,3,5654.952077
Whitefield,1190,2,57,2,4789.915966
Whitefield,2842,3,162,3,5700.211119
Kanakpura Road,1558.67,2,65,3,4170.222048
Electronics City Phase 1,630,1,39,1,6190.47619
Whitefield,1403,2,60.81,3,4334.283678
Kanakpura Road,1542,2,85,3,5512.32166
Haralur Road,2750,4,220,4,8000
Iblur Village,3596,5,290,4,8064.516129
Kengeri Satellite Town,1635,2,78,3,4770.642202
Mysore Road,1239,2,53,2,4277.643261
Haralur Road,1194,2,47,2,3936.348409
other,1596,3,105,3,6578.947368
Channasandra,1009,2,38.34,2,3799.801784
Hosa Road,1726,3,81.99,3,4750.289687
Kudlu Gate,1535,3,86,3,5602.605863
Banashankari Stage V,1300,2,58.5,3,4500
Whitefield,3100,4,465,4,15000
other,1800,3,80,3,4444.444444
Binny Pete,665,1,50.75,1,7631.578947
Chamrajpet,4050,7,1200,9,29629.62963
TC Palaya,1500,2,100,3,6666.666667
other,925,2,48,2,5189.189189
Old Airport Road,3356,4,251,4,7479.141836
other,1395,2,63.59,2,4558.422939
Sonnenahalli,1415,2,55,3,3886.925795
Begur,1419,2,59,3,4157.857646
Kasavanhalli,1121,2,78,2,6958.073149
Kambipura,1082,2,45,3,4158.96488
KR Puram,1100,2,47,2,4272.727273
Hoodi,1606,3,89.55,3,5575.965131
Billekahalli,1650,3,88,3,5333.333333
other,4634,4,1015,3,21903.32326
Old Airport Road,1206,2,75,2,6218.905473
Sarjapur  Road,1495,2,64,3,4280.936455
Malleshwaram,840,7,195,8,23214.28571
Electronic City,710,2,16,2,2253.521127
Balagere,1210,2,72,2,5950.413223
Nagarbhavi,1523,2,53.4,3,3506.237689
Whitefield,1232,2,45,2,3652.597403
Rachenahalli,680,1,44,1,6470.588235
Hebbal,1355,3,83.87,3,6189.667897
Thanisandra,1430,2,51.46,3,3598.601399
Kothannur,1275,2,43.85,3,3439.215686
